{
  "value_history": [
    10.5,
    20.3,
    3697.954978167239,
    4532.054978167238,
    4761.499978167238,
    16353.599978167236,
    14553.599999999999
  ],
  "address_counts": {
    "0x123": 2,
    "0x456": 1,
    "0x2ae5C98a1e89bf978D8FEce78AE3d78eb2740867": 15,
    "0xe7447ff5aDC4B4e52688AB97D4cFe9356E813f7F": 21,
    "0x03e8aec09Ee4A1cd19A6ccAcC208116CCcBD7Afa": 15,
    "0xDbdFb60cF9D18d75A78d92aF90982e03a3875a9d": 15,
    "0xF1DAc2b1124e371fA262A64DC6316ddAbf355cCd": 15,
    "0x907Ff8119599874B93D310D94D81FADe15fA247A": 15,
    "0x07f32567d812331a72cdC304EE3096DA81335d7a": 15,
    "0xd7510C585F59301c15c275180Ca83B4E29e6Dda4": 6,
    "0xf21CD875472D214fEC9a9195E160Cd642999942c": 202,
    "0x34Cd3501f78d69cd0a21Acb5a2d7a7EEc282F12d": 14,
    "0x37418D0CE5FCC2CCf891673dB41Ebe2fF885e132": 14,
    "0x73886539489A098dBA822914A05800E49cBCB29D": 14,
    "0x6b8C12cCF359ebD79B546E67A32F127C51609cFF": 14,
    "0xcdB9D3d4843a05cd9e7A69A965126D072F5b53e7": 14,
    "0x610Ec7710Ee0e112eD89E0983c3aaB5c62e8177B": 12,
    "0x6B58EF54F2C72169a1c4684Beb4CAdCE059F2f81": 12,
    "0x59c7C4d5a80afd770a28794fc4cc6e5c102862C0": 12,
    "0x0F57D879fC1463b8752eD52D94f991496bc42E8e": 12,
    "0xD1E19f09a0392aF19D6967108b60a56d72Ad9884": 12,
    "0x9820E5D42167fF0B171A39A535761B7064B543B5": 12,
    "0x037f3C7e058AB5c8e7E0150055c3E36b03eb24cc": 12,
    "0x88442F0240c0Fc171bffB40F3004BeB27a3E69F6": 12,
    "0xA19D3bF06F083b44b55e847103C6575c16B37ade": 9,
    "0x17065eff290FF725CF0e821685e82273D3fD18C7": 19,
    "0x6720A44ec240A23251E314fdf7e74aC9Ff4f11fb": 9,
    "0x9ad0adC25B352CD136CB3022B063569289208b75": 9,
    "0x12D9303b4ec2D52460E4274c187C0a25c78686D3": 9,
    "0x034Bd375da1838318aB9Eb992c576E09211fFcC9": 9,
    "0x9a0f733384C0e6f54d16a9395DaD9C56140921E6": 5,
    "0xeb4Bc1a125ce9240EBB77881844e11D1322dFaA9": 5,
    "0x57C6bd754fA06261E5F8B2E54e975BA172dAc735": 5,
    "0x93d0C1802464E64a34E3d8c383C28561f6E6b4f8": 10,
    "0x64b1F6FBc5CB86d8fA4fe5DEC47994604c543fB5": 10,
    "0x3146990f448b9685BB6aB716892340B0E91D1753": 10,
    "0xafF793C94aEff3bb1155EEe7BC6d00E0846D4074": 10,
    "0x4a31CE7373E6C0792e850DDB647BbD951e3E18Fd": 10,
    "0x6Bac02f70b85BC9f132bA4f29E1AC0047Af16EB7": 10,
    "0x9E79D3b4b350C57C7fcCc88dA41c548158F41e7E": 10,
    "0xe9D065673901465f7aa9841BF10364182FeC53a0": 10,
    "0x688C32467CE91aC8eF1E9f327A670263e736562c": 10,
    "0x809eDc0a07c842A7EbA12533F333d85B8E74F7ba": 10,
    "0xf670ce260D516f5a4a22D70eA8EF905dF47579A4": 10,
    "0x4C1b2af25d2fd36B9D17906f4eC52ff814EA975f": 10,
    "0x265ED92E4fC519204B2ba366DF1E7e14830AebB8": 6,
    "0x3e7F6dbeA8164191cBd9bC73625f2c3166bcC4Fd": 6,
    "0x6a5Dc35fE61C6871942a453FcAa1A4175157894B": 4,
    "0x87b0b2e3022E0ad269D2609d0965bCdCA6861087": 4,
    "0x1F80514474bE38071860E2f1A246AafBF6c745B0": 6,
    "0x79652fB37D4601a669F1913a0f48cC4383eEE73C": 6,
    "0xCa74Bac102b0B08572A4d24d4f4dc37F6137394E": 3,
    "0xEE9b19f1CC096beb80760a021c15c4c598812D66": 3,
    "0x0B9376A2D3d7e6044a2C1e0B83787Ec3744A4Bbc": 3,
    "0x6503C560a87690070e0f2d8CcB6eafeFe8Ff807A": 3,
    "0x2203360647286fFc214459d0eB802a128cB13477": 3,
    "0xaf410154C432483E42Aa688Dd0feEbAe681AE6dE": 3,
    "0xCB222C4825759C71B92c1CA3534745B48f1A0822": 3,
    "0x7ee89A3e6827458cd053C8561157bA07f936Ee21": 3,
    "0x3A99f4dE169FD07C562F295a3D061b1203a15559": 3,
    "0xc244807C04eeDBa948e1A312A31a78C77D4Eb752": 3,
    "0xa1d9C51AeF467c20f83c977ee296605Fe8011aC3": 1,
    "0xbB77c3a970E5F3BeecbD8f305cF8b4e653421e61": 1,
    "0xEfE361640d087a867be6800C308A7a318c1dBDc5": 1,
    "0x48a441574CDa9BDbBF402020aAbf1021dBA7B386": 1
  }
}